{"t_parallel": 6.420135498046875, "t_futures": 3.061056137084961, "t_non_parallel": 7.498979568481445}
{"t_parallel": 5.799770355224609, "t_futures": 1.9948482513427734, "t_non_parallel": 8.442878723144531}
{"t_parallel": 6.175518035888672, "t_futures": 2.3691654205322266, "t_non_parallel": 8.408308029174805}
{"t_parallel": 4.361629486083984, "t_futures": 1.5933513641357422, "t_non_parallel": 6.91986083984375}
{"t_parallel": 5.437374114990234, "t_futures": 1.9462108612060547, "t_non_parallel": 8.023262023925781}
{"t_parallel": 4.2572021484375, "t_futures": 1.4164447784423828, "t_non_parallel": 4.699468612670898}
{"t_parallel": 4.482030868530273, "t_futures": 1.4874935150146484, "t_non_parallel": 6.545066833496094}
{"t_parallel": 4.3430328369140625, "t_futures": 1.5826225280761719, "t_non_parallel": 7.040739059448242}
{"t_parallel": 4.558801651000977, "t_futures": 1.7957687377929688, "t_non_parallel": 5.734682083129883}
{"t_parallel": 5.939245223999023, "t_futures": 2.506256103515625, "t_non_parallel": 7.713556289672852}
